{
	"class_name" : "PinholeCameraTrajectory",
	"extrinsic" : 
	[
		[
			1.0,
			-0.0,
			-0.0,
			0.0,
			0.0,
			-1.0,
			-0.0,
			0.0,
			0.0,
			-0.0,
			-1.0,
			0.0,
			-15.898634244557535,
			13.617252369641076,
			51.750761647974535,
			1.0
		]
	],
	"intrinsic" : 
	{
		"height" : 876,
		"intrinsic_matrix" : 
		[
			758.63825371516828,
			0.0,
			0.0,
			0.0,
			758.63825371516828,
			0.0,
			687.0,
			437.5,
			1.0
		],
		"width" : 1375
	},
	"version_major" : 1,
	"version_minor" : 0
}